./tr-tr/README.md, 2020-06-01T21:16:04-07:00, 2020-06-01T21:16:04-07:00
./2022/css-refresher.md, 2022-06-04T15:07:35-07:00, 2022-09-18T18:54:25-07:00
./2022/sql-refresher.md, 2022-04-23T19:46:43-07:00, 2022-09-18T18:54:25-07:00
./2022/pc-keyboard-on-mac.md, 2022-04-27T21:44:20-07:00, 2023-02-27T20:17:37-08:00
./2022/splunk.md, 2022-05-16T17:18:08-07:00, 2022-07-19T12:56:12-07:00
./2022/web-security.md, 2022-05-01T15:46:00-07:00, 2022-09-18T18:54:25-07:00
./2022/bom-refresher.md, 2022-04-24T21:18:07-07:00, 2022-09-18T18:54:25-07:00
./2022/salesforce-connected-app-config.md, 2022-08-23T12:17:30-07:00, 2022-08-26T11:22:38-07:00
./2022/nas-node.md, 2022-12-18T21:18:46-08:00, 2022-12-18T21:18:46-08:00
./2022/autocomplete-in-xml-using-xsd.md, 2022-08-17T20:36:49-07:00, 2022-08-17T20:36:49-07:00
./2022/minify_draft.md, 2022-07-30T20:16:33-07:00, 2022-07-30T20:16:33-07:00
./2022/nas-node-ssl.md, 2022-12-18T21:18:46-08:00, 2023-01-09T18:03:11-08:00
./2022/postgresql.md, 2022-04-23T20:03:35-07:00, 2022-04-27T21:57:28-07:00
./2022/salesforce-oauth-flows.md, 2022-08-23T12:17:30-07:00, 2023-01-09T18:03:11-08:00
./2022/html-dom-refresher.md, 2022-04-24T21:18:07-07:00, 2022-09-18T18:54:25-07:00
./2022/http-headers.md, 2022-05-01T15:46:00-07:00, 2022-09-18T18:54:25-07:00
./2022/docsify.md, 2022-04-23T20:03:35-07:00, 2022-04-27T21:57:28-07:00
./2022/javascript-refresher.md, 2022-04-23T19:46:43-07:00, 2022-09-18T18:54:25-07:00
./drafts/favorites.md, 2021-08-29T22:21:17-07:00, 2022-08-23T11:53:37-07:00
./drafts/chrome-api.md, 2020-12-07T16:42:46-08:00, 2022-06-04T15:07:35-07:00
./drafts/nextjs-with-mdx.md, 2023-02-27T20:17:37-08:00, 2023-02-27T20:17:37-08:00
./drafts/react-native.md, 2020-06-01T21:50:41-07:00, 2022-02-08T18:17:17-08:00
./drafts/tsnode.md, 2021-02-19T13:48:27-08:00, 2021-02-19T13:48:27-08:00
./drafts/npm-cheatsheet.md, 2020-10-01T10:13:30-07:00, 2022-04-27T21:57:28-07:00
./drafts/java-read-from-resource-file.md, 2020-12-07T16:42:46-08:00, 2022-04-22T17:43:58-07:00
./drafts/spring-boot.md, 2020-12-07T16:42:46-08:00, 2020-12-07T16:42:46-08:00
./drafts/gradle.md, 2020-12-07T16:42:46-08:00, 2022-04-27T21:57:28-07:00
./drafts/ideas.md, 2021-01-07T22:04:13-08:00, 2021-01-07T22:04:13-08:00
./drafts/android.md, 2020-12-07T16:42:46-08:00, 2022-04-27T21:57:28-07:00
./drafts/opportunity-knocks-down-your-door.md, 2020-06-01T22:19:15-07:00, 2020-06-01T22:19:15-07:00
./drafts/apis.md, 2023-02-27T20:17:37-08:00, 2023-02-27T20:17:37-08:00
./drafts/yarn.md, 2022-06-04T15:07:35-07:00, 2022-10-12T21:27:29-07:00
./drafts/tailwind-css.md, 2023-02-27T20:17:37-08:00, 2023-02-27T20:17:37-08:00
./drafts/iTerm2.md, 2020-12-07T16:42:46-08:00, 2020-12-07T16:42:46-08:00
./drafts/heroku.md, 2020-12-07T16:42:46-08:00, 2022-08-23T11:53:37-07:00
./drafts/jenkins-and-groovy.md, 2021-06-11T14:58:37-07:00, 2022-04-22T17:43:58-07:00
./drafts/scroll-sensitive-nav.md, 2022-08-17T21:15:46-07:00, 2022-08-17T21:15:46-07:00
./drafts/nextjs.md, 2023-02-27T20:17:37-08:00, 2023-02-27T20:17:37-08:00
./drafts/ef-core.md, 2020-06-01T21:50:41-07:00, 2022-04-22T17:43:58-07:00
./drafts/maven-plugins.md, 2022-01-16T15:09:54-08:00, 2022-01-16T15:09:54-08:00
./drafts/jest-test-lifecycle.md, 2023-02-22T13:39:21-08:00, 2023-02-22T13:39:21-08:00
./drafts/lwc.md, 2020-12-07T16:42:46-08:00, 2022-04-27T21:57:28-07:00
./drafts/ssh.md, 2021-02-22T10:45:06-08:00, 2023-01-09T18:04:48-08:00
./drafts/react-typescript.md, 2022-05-21T11:23:23-07:00, 2023-02-27T20:17:37-08:00
./drafts/node.md, 2022-01-23T19:55:59-08:00, 2022-04-22T17:25:48-07:00
./drafts/express.md, 2022-04-27T18:57:52-07:00, 2022-04-27T18:57:52-07:00
./drafts/electron.md, 2020-12-07T16:42:46-08:00, 2022-04-27T21:57:28-07:00
./drafts/git-cheatsheet.md, 2020-10-01T10:13:30-07:00, 2022-08-29T10:34:04-07:00
./drafts/convert-js-to-ts.md, 2022-01-16T15:09:54-08:00, 2022-01-16T15:09:54-08:00
./drafts/cheatsheets.md, 2022-01-23T19:55:59-08:00, 2022-08-23T11:53:37-07:00
./drafts/yeet.md, 2020-12-07T16:42:46-08:00, 2022-04-22T17:25:48-07:00
./drafts/maven.md, 2020-12-07T16:42:46-08:00, 2022-04-27T21:57:28-07:00
./drafts/oauth-and-jwt.md, 2021-10-06T18:34:20-07:00, 2022-04-27T21:57:28-07:00
./drafts/jest-and-esm.md, 2021-02-19T13:48:27-08:00, 2022-04-22T17:25:48-07:00
./drafts/theming.md, 2023-02-27T20:17:37-08:00, 2023-02-27T20:17:37-08:00
./drafts/debian-on-windows.md, 2022-03-14T20:29:53-07:00, 2022-04-27T21:57:28-07:00
./drafts/interesting.md, 2020-12-07T16:42:46-08:00, 2022-04-27T21:57:28-07:00
./drafts/graphviz.md, 2021-02-19T13:48:27-08:00, 2021-02-19T13:48:27-08:00
./drafts/oidc.md, 2020-06-01T21:50:41-07:00, 2020-06-01T22:12:20-07:00
./drafts/tldr.md, 2022-02-10T19:28:27-08:00, 2022-02-10T19:28:27-08:00
./drafts/google-meet.md, 2022-06-04T15:07:35-07:00, 2022-06-04T15:07:35-07:00
./drafts/jest.md, 2022-06-06T19:03:57-07:00, 2022-12-02T16:58:11-08:00
./drafts/insta-ref.md, 2023-02-27T20:17:37-08:00, 2023-02-27T20:17:37-08:00
./drafts/how-to-delete-sendBeacon-using-proxy.md, 2022-12-02T16:58:11-08:00, 2022-12-02T16:58:11-08:00
./drafts/laws.md, 2022-05-02T19:38:28-07:00, 2022-05-02T19:38:28-07:00
./drafts/ffmpeg.md, 2022-03-14T20:29:53-07:00, 2022-04-27T21:57:28-07:00
./drafts/jax.md, 2020-12-07T16:42:46-08:00, 2022-04-22T17:43:58-07:00
./drafts/docker.md, 2020-06-01T21:50:41-07:00, 2022-05-04T13:20:37-07:00
./drafts/zsh.md, 2021-10-22T14:43:50-07:00, 2021-10-22T14:43:50-07:00
./drafts/npm-packages.md, 2022-01-23T19:55:59-08:00, 2022-08-26T11:22:38-07:00
./drafts/sfdx.md, 2020-12-07T16:42:46-08:00, 2022-04-27T21:57:28-07:00
./drafts/eslint.md, 2021-06-08T16:36:29-07:00, 2021-06-08T16:36:29-07:00
./drafts/puppetteer.md, 2022-12-02T16:58:11-08:00, 2023-02-22T13:39:21-08:00
./drafts/web-questions.md, 2023-02-27T20:17:37-08:00, 2023-02-27T20:17:37-08:00
./drafts/typescript.md, 2020-12-07T16:42:46-08:00, 2022-04-27T21:57:28-07:00
./drafts/noise-reduction.md, 2021-02-23T15:25:16-08:00, 2022-04-27T21:57:28-07:00
./drafts/recommendations.md, 2023-02-22T13:39:21-08:00, 2023-02-22T13:39:21-08:00
./drafts/lerna.md, 2022-02-19T19:46:44-08:00, 2022-06-04T15:07:35-07:00
./drafts/tools.md, 2021-10-07T16:05:15-07:00, 2022-03-25T19:17:09-07:00
./languages/javascript.md, 2022-02-16T22:03:16-08:00, 2022-04-22T17:25:48-07:00
./README.md, 2020-05-31T18:54:43-07:00, 2022-08-17T20:36:49-07:00
./experimental.md, 2020-06-01T22:22:40-07:00, 2020-06-01T22:22:40-07:00
./interview-prep/system-design-interview-volume-1/c13-design-a-search-autocomplete-system.md, 2022-09-18T20:09:42-07:00, 2022-09-18T20:09:42-07:00
./interview-prep/system-design-interview-volume-1/c10-design-a-notification-system.md, 2022-09-18T20:09:42-07:00, 2022-09-18T20:09:42-07:00
./interview-prep/system-design-interview-volume-1/c04-design-a-rate-limiter.md, 2022-09-18T20:09:42-07:00, 2022-09-18T20:09:42-07:00
./interview-prep/system-design-interview-volume-1/c03-a-framework-for-system-design-interviews.md, 2022-09-18T20:09:42-07:00, 2022-09-21T22:38:08-07:00
./interview-prep/system-design-interview-volume-1/c15-design-google-drive.md, 2022-09-18T20:09:42-07:00, 2022-09-18T20:09:42-07:00
./interview-prep/system-design-interview-volume-1/c09-design-a-web-crawler.md, 2022-09-18T20:09:42-07:00, 2022-09-18T20:09:42-07:00
./interview-prep/system-design-interview-volume-1/c08-design-a-url-shortener.md, 2022-09-18T20:09:42-07:00, 2022-09-18T20:09:42-07:00
./interview-prep/system-design-interview-volume-1/c05-design-consistent-hashing.md, 2022-09-18T20:09:42-07:00, 2022-09-18T20:09:42-07:00
./interview-prep/system-design-interview-volume-1/c02-back-of-the-envelope-estimation.md, 2022-09-18T20:09:42-07:00, 2022-09-18T20:09:42-07:00
./interview-prep/system-design-interview-volume-1/c12-design-a-chat-system.md, 2022-09-18T20:09:42-07:00, 2022-09-21T20:21:43-07:00
./interview-prep/system-design-interview-volume-1/c14-design-youtube.md, 2022-09-18T20:09:42-07:00, 2022-09-18T20:09:42-07:00
./interview-prep/system-design-interview-volume-1/c01-scale-from-zero-to-millions-of-users.md, 2022-09-18T20:09:42-07:00, 2022-09-18T20:09:42-07:00
./interview-prep/system-design-interview-volume-1/c07-design-a-unique-id-generator-in-distributed-systems.md, 2022-09-18T20:09:42-07:00, 2022-09-18T20:09:42-07:00
./interview-prep/system-design-interview-volume-1/c11-design-a-news-feed-system.md, 2022-09-18T20:09:42-07:00, 2022-09-18T20:09:42-07:00
./interview-prep/system-design-interview-volume-1/c06-design-a-key-value-store.md, 2022-09-18T20:09:42-07:00, 2022-09-18T20:09:42-07:00
./interview-prep/system-design-interview-volume-2/c07-hotel-reservation-system.md, 2022-09-18T20:09:42-07:00, 2022-09-18T20:09:42-07:00
./interview-prep/README.md, 2022-09-21T20:21:43-07:00, 2022-09-21T20:21:43-07:00
./interview-prep/various/trie.md, 2022-09-18T20:09:42-07:00, 2022-09-18T20:09:42-07:00
./interview-prep/various/system-design.md, 2022-09-18T20:09:42-07:00, 2022-09-18T20:09:42-07:00
./interview-prep/various/linked-list.md, 2022-09-18T20:09:42-07:00, 2022-09-18T20:09:42-07:00
./interview-prep/various/design-patterns.md, 2022-09-18T20:09:42-07:00, 2022-09-18T20:09:42-07:00
./interview-prep/various/node-stdin-stdout.md, 2022-09-18T20:09:42-07:00, 2022-09-18T20:09:42-07:00
./interview-prep/various/system-design-approach.md, 2022-09-18T20:09:42-07:00, 2022-09-18T20:09:42-07:00
./interview-prep/_sidebar.md, 2022-09-21T20:21:43-07:00, 2022-09-21T20:21:43-07:00
./interview-prep/data-structures-and-algorithm-analysis/4_4-avl-trees.md, 2022-09-18T20:09:42-07:00, 2022-09-18T20:09:42-07:00
./interview-prep/data-structures-and-algorithm-analysis/9_6-depth-first-search.md, 2022-09-18T20:09:42-07:00, 2022-09-18T20:09:42-07:00
./interview-prep/data-structures-and-algorithm-analysis/4x-trie.md, 2022-09-18T20:09:42-07:00, 2022-09-18T20:09:42-07:00
./interview-prep/data-structures-and-algorithm-analysis/1-math-review.md, 2022-09-18T20:09:42-07:00, 2022-09-18T20:09:42-07:00
./interview-prep/data-structures-and-algorithm-analysis/9_5-minimum-spanning-tree.md, 2022-09-18T20:09:42-07:00, 2022-09-18T22:48:37-07:00
./interview-prep/data-structures-and-algorithm-analysis/9_7-np-completeness.md, 2022-09-18T20:09:42-07:00, 2022-09-18T20:09:42-07:00
./interview-prep/data-structures-and-algorithm-analysis/5-hashing.md, 2022-09-18T20:09:42-07:00, 2022-09-21T21:26:31-07:00
./interview-prep/data-structures-and-algorithm-analysis/7x-sorting.md, 2022-09-18T20:09:42-07:00, 2022-09-18T20:09:42-07:00
./interview-prep/data-structures-and-algorithm-analysis/9-graph-terminology.md, 2022-09-18T20:09:42-07:00, 2022-09-18T20:09:42-07:00
./interview-prep/data-structures-and-algorithm-analysis/4_5-splay-trees.md, 2022-09-18T20:09:42-07:00, 2022-09-18T20:09:42-07:00
./interview-prep/data-structures-and-algorithm-analysis/6-heap.md, 2022-09-18T20:09:42-07:00, 2022-09-21T21:36:16-07:00
./interview-prep/data-structures-and-algorithm-analysis/9_3-shortest-path-algorithms.md, 2022-09-18T20:09:42-07:00, 2022-09-18T22:48:37-07:00
./interview-prep/data-structures-and-algorithm-analysis/7-sorting.md, 2022-09-18T20:09:42-07:00, 2022-09-21T22:38:08-07:00
./interview-prep/data-structures-and-algorithm-analysis/4_2-binary-trees.md, 2022-09-18T20:09:42-07:00, 2022-09-18T20:09:42-07:00
./interview-prep/data-structures-and-algorithm-analysis/9_1-graph-data-structures.md, 2022-09-18T20:09:42-07:00, 2022-09-18T20:09:42-07:00
./interview-prep/data-structures-and-algorithm-analysis/9_2-topological-sort.md, 2022-09-18T20:09:42-07:00, 2022-09-18T22:48:37-07:00
./interview-prep/data-structures-and-algorithm-analysis/3-infix-and-postfix.md, 2022-09-18T20:09:42-07:00, 2022-09-18T20:09:42-07:00
./interview-prep/data-structures-and-algorithm-analysis/4_7-b-trees.md, 2022-09-18T20:09:42-07:00, 2022-09-18T20:09:42-07:00
./2020/jest-with-typescript.md, 2020-10-01T10:06:37-07:00, 2022-04-27T21:57:28-07:00
./2020/terminal-and-bash.md, 2020-06-21T17:10:20-07:00, 2021-08-29T20:22:40-07:00
./2020/bash-utils.md, 2020-12-07T16:42:46-08:00, 2022-12-18T21:16:26-08:00
./2020/code-coverage-with-jest.md, 2020-10-01T14:42:57-07:00, 2022-04-27T21:57:28-07:00
./2020/jsforce.md, 2020-12-07T16:42:46-08:00, 2020-12-07T16:42:46-08:00
./2020/hot-reload-lwc-electron.md, 2020-09-10T23:07:33-07:00, 2022-04-22T17:25:48-07:00
./2020/movies.md, 2020-12-29T22:37:58-08:00, 2021-01-13T22:17:10-08:00
./2020/oclif-build-cli.md, 2020-12-07T16:42:46-08:00, 2022-04-27T21:57:28-07:00
./2018/debugging-child-node-processes-in-vs-code.md, 2020-06-01T21:50:41-07:00, 2020-09-11T09:15:17-07:00
./2018/things-to-watch-out-for-in-c-sharp.md, 2022-04-23T19:46:43-07:00, 2022-04-23T19:46:43-07:00
./2018/getting-started-with-angular.md, 2020-06-01T21:50:41-07:00, 2020-06-01T22:12:20-07:00
./2018/angular-key-concepts.md, 2020-06-01T21:50:41-07:00, 2020-06-01T22:12:20-07:00
./2018/vocabulary-2016.md, 2020-06-01T21:50:41-07:00, 2020-09-11T09:02:32-07:00
./2018/add-local-repo-to-github.md, 2020-06-01T21:50:41-07:00, 2020-09-11T09:15:17-07:00
./2018/vocabulary-2017.md, 2020-06-01T21:50:41-07:00, 2020-09-11T09:02:32-07:00
./2018/adding-primeng-to-angular-project.md, 2020-06-01T21:50:41-07:00, 2022-04-22T17:43:58-07:00
./2018/windows-and-mac.md, 2020-06-01T21:50:41-07:00, 2020-09-11T09:15:17-07:00
./_sidebar.md, 2020-05-31T21:36:47-07:00, 2022-12-18T21:18:46-08:00
./plan.md, 2022-02-08T18:17:17-08:00, 2022-02-08T18:17:17-08:00
409 Files Processed.
